AircraftID,FirstCreated,LastModified,ModeS,ModeSCountry,Country,Registration,CurrentRegDate,PreviousID,FirstRegDate,Status,DeRegDate,Manufacturer,ICAOTypeCode,Type,SerialNo,PopularName,GenericName,AircraftClass,Engines,OwnershipStatus,RegisteredOwners,MTOW,TotalHours,YearBuilt,CofACategory,CofAExpiry,UserNotes,Interested,UserTag,InfoURL,PictureURL1,PictureURL2,PictureURL3,UserBool1,UserBool2,UserBool3,UserBool4,UserBool5,UserString1,UserString2,UserString3,UserString4,UserString5,UserInt1,UserInt2,UserInt3,UserInt4,UserInt5,OperatorFlagCode
28120385,"2026-01-13 23:52:29","2026-01-13 23:52:29",A52DC4,"United States","United States",N4326P,,,,,,"Quad City",ULAC,"Quad City Challenger II",CH2-0191-0629,,,,,,Private,,,1992,,,,0,,,,,,0,0,0,0,0,,,,,,0,0,0,0,0,GEN-ULAC
28120212,"2026-01-13 23:49:48","2026-01-13 23:49:48",A779B1,"United States","United States",N123HL,,,,,,Cessna,C441,"Cessna 441 Conquest II",441-0010,,,,,,"H & L Equipment LLC",,,,,,,0,,,,,,0,0,0,0,0,,,,,,0,0,0,0,0,GEN-C441
28119783,"2026-01-13 23:43:36","2026-01-13 23:43:36",A93C68,"United States","United States",N6943W,,,,,,Piper,P28A,"Piper PA-28 140 Cherokee",28-21123,,,,,,Private,,,1965,,,,0,,,,,,0,0,0,0,0,,,,,,0,0,0,0,0,GEN-P28A
28119222,"2026-01-13 23:35:53","2026-01-13 23:35:53",4786FE,Norway,Norway,LN-KCD,,,,,,Reims/Cessna,C150,"Reims/Cessna F150H",0312,,,,,,Private,,,,,,,0,,,,,,0,0,0,0,0,,,,,,0,0,0,0,0,GEN-C150
28119159,"2026-01-13 23:35:16","2026-01-13 23:35:16",A3C487,"United States","United States",N3418T,,,,,,Cessna,C177,"Cessna 177 Cardinal",17700718,,,,,,Private,,,1968,,,,0,,,,,,0,0,0,0,0,,,,,,0,0,0,0,0,GEN-C177
28119139,"2026-01-13 23:34:53","2026-01-13 23:34:53",A9791A,"United States","United States",N7095X,,,,,,Rans,RS12,"Rans Airaile S-12",0693426,,,,,,Private,,,1993,,,,0,,,,,,0,0,0,0,0,,,,,,0,0,0,0,0,GEN-RS12
28119098,"2026-01-13 23:34:26","2026-01-13 23:34:26",A5312C,"United States","United States",N4334E,,,,,,Piper,PA38,"Piper PA-38 112 Tomahawk",38-78A0558,,,,,,Private,,,1978,,,,0,,,,,,0,0,0,0,0,,,,,,0,0,0,0,0,GEN-PA38
28118877,"2026-01-13 23:30:55","2026-01-13 23:30:55",A7287A,"United States","United States",N560S,,,,,,Cessna,C560,"Cessna Citation V",560-0017,,,,,,"RDS Wings LLC",,,,,,,0,,,,,,0,0,0,0,0,,,,,,0,0,0,0,0,GEN-C560
28118856,"2026-01-13 23:30:44","2026-01-13 23:30:44",A02F12,"United States","United States",N11035,,,,,,Hughes,H500,"Hughes 369 D",90-0810D,,,,,,Private,,,1980,,,,0,,,,,,0,0,0,0,0,,,,,,0,0,0,0,0,GEN-H500
28118649,"2026-01-13 23:28:14","2026-01-13 23:28:14",7CF90E,Australia,Australia,A17-038,,,,,,CAC,B06,"CAC Kiowa CA-32",44538,,,,,,"Royal Australian Army Aviation Corps",,,,,,,0,,,,,,1,0,0,0,0,,,,,,0,0,0,0,0,
28118546,"2026-01-13 23:26:45","2026-01-13 23:26:45",A3A0B7,"United States","United States",N3328K,,,,,,Temco,GC1,"Temco Globe Swift GC-1B",1321,,,,,,Private,,,1946,,,,0,,,,,,0,0,0,0,0,,,,,,0,0,0,0,0,GEN-GC1
28118380,"2026-01-13 23:24:42","2026-01-13 23:24:42",30035F,Italy,Italy,I-BBGR,,,,,,"Hawker Beechcraft Corp",H25B,"Hawker Beechcraft Corp Hawker 900XP",HA-0056,,,,,,"Aliven SRL",,,,,,,0,,,,,,0,0,0,0,0,,,,,,0,0,0,0,0,LVN
28118277,"2026-01-13 23:23:26","2026-01-13 23:23:26",A88E41,"United States","United States",N650RR,,,,,,"Gulfstream Aerospace",GLF6,"Gulfstream Aerospace G650",6019,,,,,,"650-I LLC",,,2012,,,,0,,,,,,0,0,0,0,0,,,,,,0,0,0,0,0,GEN-GLF6
28118019,"2026-01-13 23:19:57","2026-01-13 23:19:57",73940B,Israel,Israel,4X-CID,,,,,,Piper,PA27,"Piper PA-23 Aztec 250F",27-7954113,,,,,,Private,,,1979,,,,0,,,,,,0,0,0,0,0,,,,,,0,0,0,0,0,GEN-PA27
28117148,"2026-01-13 23:08:09","2026-01-13 23:08:09",A3A037,"United States","United States",N3324X,,,,,,Cessna,C310,"Cessna 310L",310L-0174,,,,,,Private,,,,,,,0,,,,,,0,0,0,0,0,,,,,,0,0,0,0,0,GEN-C310
28116617,"2026-01-13 23:01:38","2026-01-13 23:01:38",39130A,France,France,F-GEYK,,,,,,"Raven Europe",BALL,"Raven Europe S-55A Hot Air Balloon",E-015,,,,,,Private,,,1986,,,,0,,,,,,0,0,0,0,0,,,,,,0,0,0,0,0,GEN-BALL
28116600,"2026-01-13 23:01:24","2026-01-13 23:01:24",A3EB15,"United States","United States",N3511X,,,,,,Mooney,M20P,"Mooney M.20F Executive 21",670250,,,,,,Private,,,,,,,0,,,,,,0,0,0,0,0,,,,,,0,0,0,0,0,GEN-M20P
28115877,"2026-01-13 22:52:27","2026-01-13 22:52:27",A8D479,"United States","United States",N6681N,,,,,,Cessna,C210,"Cessna 210N Centurion",21063144,,,,,,Private,,,1978,,,,0,,,,,,0,0,0,0,0,,,,,,0,0,0,0,0,GEN-C210
28115703,"2026-01-13 22:50:14","2026-01-13 22:50:14",3EE7B8,Germany,Germany,D-1825,,,,,,Schempp-Hirth,GLID,"Schempp-Hirth Standard Cirrus",217,,,,,,Private,,,1972,,,,0,,,,,,0,0,0,0,0,,,,,,0,0,0,0,0,GEN-GLID
28115191,"2026-01-13 22:42:56","2026-01-13 22:42:56",A3048C,"United States","United States",N294CD,,,,,,Vans,RV7,"Vans RV-7",72471,,,,,,Private,,,,,,,0,,,,,,0,0,0,0,0,,,,,,0,0,0,0,0,GEN-RV7
28114928,"2026-01-13 22:39:51","2026-01-13 22:39:51",405256,"United Kingdom","United Kingdom",G-CETE,,,,,,Piper,P28A,"Piper PA-28 161 Warrior III",2842079,,,,,,Private,,,2000,,,,0,,,,,,0,0,0,0,0,,,,,,0,0,0,0,0,GEN-P28A
28114481,"2026-01-13 22:34:06","2026-01-13 22:34:06",A85F62,"United States","United States",N639CE,,,,,,Monnett,SRAI,"Monnett Sonerai II L",0730980173,,,,,,Private,,,,,,,0,,,,,,0,0,0,0,0,,,,,,0,0,0,0,0,GEN-SRAI
28113545,"2026-01-13 22:21:35","2026-01-13 22:21:35",C094EB,Canada,Canada,C-IEKG,,,,,,Cosmos,ULAC,"Cosmos Chronos 14M","B 21045",,,,,,Private,,,,,,,0,,,,,,0,0,0,0,0,,,,,,0,0,0,0,0,GEN-ULAC
28113150,"2026-01-13 22:16:16","2026-01-13 22:16:16",A2A3A3,"United States","United States",N2696N,,,,,,Cessna,C120,"Cessna 120",12954,,,,,,Private,,,1947,,,,0,,,,,,0,0,0,0,0,,,,,,0,0,0,0,0,GEN-C120
28112524,"2026-01-13 22:08:27","2026-01-13 22:08:27",A8F57E,"United States","United States",N6768M,,,,,,Stinson,S108,"Stinson Voyager 108-3",108-4768,,,,,,Private,,,1948,,,,0,,,,,,0,0,0,0,0,,,,,,0,0,0,0,0,GEN-S108
28111503,"2026-01-13 21:55:17","2026-01-13 21:55:17",3D283E,Germany,Germany,D-ENMK,,,,,,Denney,FOX,"Denney Kitfox Mk.IV-1200",1788,,,,,,Private,,,,,,,0,,,,,,0,0,0,0,0,,,,,,0,0,0,0,0,GEN-FOX
28111148,"2026-01-13 21:51:12","2026-01-13 21:51:12",394B27,France,France,F-GSZH,,,,,,SOCATA,TOBA,"SOCATA TB10 Tobago",1928,,,,,,Private,,,2000,,,,0,,,,,,0,0,0,0,0,,,,,,0,0,0,0,0,GEN-TOBA
28109684,"2026-01-13 21:33:25","2026-01-13 21:33:25",A2BF97,"United States","United States",N2763R,,,,,,Bell,B06,"Bell 206B Jet Ranger III",2743,,,,,,Private,,,,,,,0,,,,,,0,0,0,0,0,,,,,,0,0,0,0,0,GEN-B06
28109685,"2026-01-13 21:33:25","2026-01-13 21:33:25",A7443D,"United States","United States",N5677E,,,,,,Cessna,C150,"Cessna 150",17177,,,,,,Private,,,1959,,,,0,,,,,,0,0,0,0,0,,,,,,0,0,0,0,0,GEN-C150
28109417,"2026-01-13 21:29:52","2026-01-13 21:29:52",155863,Russia,Russia,RA-88163,,,,,,Yakovlev,YK40,"Yakovlev Yak-40",9611746,,,,,,"Vladivostok Air",,,,,,,0,,,,,,0,0,0,0,0,,,,,,0,0,0,0,0,GEN-YK40
28108219,"2026-01-13 21:14:05","2026-01-13 21:14:05",3D96C3,Germany,Germany,D-GDIP,,,,,,Piper,PA34,"Piper PA-34 200T Seneca II",34-7670262,,,,,,Private,,,1976,,,,0,,,,,,0,0,0,0,0,,,,,,0,0,0,0,0,GEN-PA34
28108191,"2026-01-13 21:13:48","2026-01-13 21:13:48",30009D,Italy,Italy,I-DAWB,,,,,,"McDonnell Douglas",MD82,"McDonnell Douglas DC-9 82",49197,,,,,,"ITA Airways",,,1984,,,,0,,,,,,0,0,0,0,0,,,,,,0,0,0,0,0,ITY
28107444,"2026-01-13 21:05:02","2026-01-13 21:05:02",A9A0E5,"United States","United States",N71973,,,,,,Luscombe,L8,"Luscombe Silvaire 8A",3400,,,,,,Private,,,,,,,0,,,,,,0,0,0,0,0,,,,,,0,0,0,0,0,GEN-L8
28107259,"2026-01-13 21:02:58","2026-01-13 21:02:58",A6BDFB,"United States","United States",N5330S,,,,,,Cessna,C337,"Cessna 337A Super Skymaster",33700430,,,,,,Private,,,1966,,,,0,,,,,,0,0,0,0,0,,,,,,0,0,0,0,0,GEN-C337
28106599,"2026-01-13 20:54:40","2026-01-13 20:54:40",A74CC6,"United States","United States",N57HG,,,,,,Cessna,C25A,"Cessna Citation CJ2",525A0098,,,,,,"Cessna Aircraft Company",,,,,,,0,,,,,,0,0,0,0,0,,,,,,0,0,0,0,0,GEN-C25A
28106330,"2026-01-13 20:51:12","2026-01-13 20:51:12",06A030,Qatar,Qatar,A7-ACF,,,,,,Airbus,A332,"Airbus A330 202",638,,,,,,"Qatar Airways",,,2004,,,,0,,,,,,0,0,0,0,0,,,,,,0,0,0,0,0,QTR
28106252,"2026-01-13 20:50:26","2026-01-13 20:50:26",A527EB,"United States","United States",N518ME,,,,,,Cessna,C25A,"Cessna Citation CJ2",525A0091,,,,,,"Millbrook Air",,,,,,,0,,,,,,0,0,0,0,0,,,,,,0,0,0,0,0,GEN-C25A
28105092,"2026-01-13 20:35:32","2026-01-13 20:35:32",A8E142,"United States","United States",N671US,,,,,,Boeing,B744,"Boeing 747 451",26477,,,,,,"Delta Air Lines",,,1999,,,,0,,,,,,0,0,0,0,0,,,,,,0,0,0,0,0,DAL
28104001,"2026-01-13 20:22:00","2026-01-13 20:22:00",1458F4,Russia,Russia,RA-22772,,,,,,Mil,MI8,"Mil Mi-8 T",98311643,,,,,,AeroGeo,,,,,,,0,,,,,,0,0,0,0,0,,,,,,0,0,0,0,0,GEN-MI8
28103901,"2026-01-13 20:20:42","2026-01-13 20:20:42",ADD5FB,"United States","United States",N9907L,,,,,,"American Aviation",AA1,"American Aviation AA-1B",AA1B-0207,,,,,,Private,,,,,,,0,,,,,,0,0,0,0,0,,,,,,0,0,0,0,0,GEN-AA1
28103533,"2026-01-13 20:16:15","2026-01-13 20:16:15",A4D1D9,"United States","United States",N41AT,,,,,,Piper,P28R,"Piper PA-28R 200 Cherokee Arrow II",28R-7635146,,,,,,Private,,,1975,,,,0,,,,,,0,0,0,0,0,,,,,,0,0,0,0,0,GEN-P28R
28102635,"2026-01-13 20:05:06","2026-01-13 20:05:06",A6026B,"United States","United States",N4868Z,,,,,,Piper,PA22,"Piper PA-22 108 Colt",22-8446,,,,,,Private,,,,,,,0,,,,,,0,0,0,0,0,,,,,,0,0,0,0,0,GEN-PA22
28102560,"2026-01-13 20:04:17","2026-01-13 20:04:17",AC395B,"United States","United States",N887RP,,,,,,Vans,RV3,"Vans RV-3 A",887,,,,,,Private,,,,,,,0,,,,,,0,0,0,0,0,,,,,,0,0,0,0,0,GEN-RV3
28102067,"2026-01-13 19:58:58","2026-01-13 19:58:58",3986A2,France,France,F-HBVC,,,,,,Eurocopter,EC20,"Eurocopter EC120B Colibri",1633,,,,,,Private,,,2010,,,,0,,,,,,0,0,0,0,0,,,,,,0,0,0,0,0,GEN-EC20
28101869,"2026-01-13 19:56:20","2026-01-13 19:56:20",ADB1EC,"United States","United States",N9815K,,,,,,Stinson,S108,"Stinson Voyager 108-2",108-2815,,,,,,Private,,,1947,,,,0,,,,,,0,0,0,0,0,,,,,,0,0,0,0,0,GEN-S108
28101549,"2026-01-13 19:52:34","2026-01-13 19:52:34",3D3A9C,Germany,Germany,D-EULG,,,,,,SIAI-Marchetti,S05R,"SIAI-Marchetti S.205 20/R",215,,,,,,Private,,,,,,,0,,,,,,0,0,0,0,0,,,,,,0,0,0,0,0,GEN-S05R
28101046,"2026-01-13 19:46:23","2026-01-13 19:46:23",ACE3CD,"United States","United States",N93F,,,,,,Piper,PA24,"Piper PA-24 180 Comanche",24-1057,,,,,,Private,,,1959,,,,0,,,,,,0,0,0,0,0,,,,,,0,0,0,0,0,GEN-PA24
28100949,"2026-01-13 19:45:11","2026-01-13 19:45:11",A2C7A2,"United States","United States",N27878,,,,,,"Raven Aerostar",BALL,"Raven Aerostar S-55A Hot Air Balloon",S55A-1079,,,,,,Private,,,,,,,0,,,,,,0,0,0,0,0,,,,,,0,0,0,0,0,GEN-BALL
28100357,"2026-01-13 19:37:32","2026-01-13 19:37:32",51103B,Estonia,Estonia,ES-PVC,,,,,,Bombardier,LJ60,"Bombardier Learjet 60",60-051,,,,,,Avies,,,,,,,0,,,,,,0,0,0,0,0,,,,,,0,0,0,0,0,AIA
28099005,"2026-01-13 19:20:58","2026-01-13 19:20:58",A55912,"United States","United States",N4437C,,,,,,Kolb,ULAC,"Kolb Twinstar",GRC-1,,,,,,Private,,,,,,,0,,,,,,0,0,0,0,0,,,,,,0,0,0,0,0,GEN-ULAC
28098657,"2026-01-13 19:16:48","2026-01-13 19:16:48",68302E,Kazakhstan,Kazakhstan,UP-T3407,,,,,,Tupolev,T134,"Tupolev Tu-134 A-3",49912,,,,,,"Kazakhstan Emercom",,,,,,,0,,,,,,0,0,0,0,0,,,,,,0,0,0,0,0,BEC
28098566,"2026-01-13 19:15:41","2026-01-13 19:15:41",A5CFB2,"United States","United States",N4738C,,,,,,Beech,T34P,"Beech T-34B Mentor",BG-366,,,,,,Private,,,1957,,,,0,,,,,,0,0,0,0,0,,,,,,0,0,0,0,0,GEN-T34P
28097635,"2026-01-13 19:04:08","2026-01-13 19:04:08",A89001,"United States","United States",N65064,,,,,,Cessna/Ector,O1,"Cessna/Ector Bird Dog 305A",2031,,,,,,Private,,,1977,,,,0,,,,,,0,0,0,0,0,,,,,,0,0,0,0,0,GEN-O1
28096706,"2026-01-13 18:49:51","2026-01-13 18:49:51",A9418F,"United States","United States",N696FT,,,,,,"Advanced Aviation",BUCA,"Advanced Aviation Buccaneer",B2B-005-582,,,,,,Private,,,,,,,0,,,,,,0,0,0,0,0,,,,,,0,0,0,0,0,GEN-BUCA
28095616,"2026-01-13 18:36:01","2026-01-13 18:36:01",A9D163,"United States","United States",N7312C,,,,,,Cessna,C206,"Cessna U206G Stationair 6",U20603872,,,,,,Private,,,,,,,0,,,,,,0,0,0,0,0,,,,,,0,0,0,0,0,GEN-C206
28095361,"2026-01-13 18:33:07","2026-01-13 18:33:07",4B0538,Switzerland,Switzerland,HB-BZK,,,,,,Cameron,BALL,"Cameron N-120 Hot Air Balloon",3327,,,,,,Private,,,,,,,0,,,,,,0,0,0,0,0,,,,,,0,0,0,0,0,GEN-BALL
28095114,"2026-01-13 18:29:38","2026-01-13 18:29:38",A554EC,"United States","United States",N44237,,,,,,Taylorcraft,TAYB,"Taylorcraft BC-12D-1",10037,,,,,,Private,,,1946,,,,0,,,,,,0,0,0,0,0,,,,,,0,0,0,0,0,GEN-TAYB
28094785,"2026-01-13 18:25:56","2026-01-13 18:25:56",0D0753,Mexico,Mexico,XA-OVA,,,,,,Bombardier,CL30,"Bombardier Challenger 300",20232,,,,,,"Grupo Aeronautico Ova",,,2008,,,,0,,,,,,0,0,0,0,0,,,,,,0,0,0,0,0,GEN-CL30
28094078,"2026-01-13 18:18:00","2026-01-13 18:18:00",C049D1,Canada,Canada,C-GBYU,,,,,,Canadair,CL2P,"Canadair CL-215 -V",1083,,,,,,"Province of Northwest Territories",,,1985,,,,0,,,https://cdn.jetphotos.com/full/5/34234_1636275989.jpg,https://cdn.jetphotos.com/full/5/97813_1624041140.jpg,https://cdn.jetphotos.com/full/5/17584_1485007997.jpg,0,0,0,0,0,,,,,,0,0,0,0,0,GEN-CL2P
28093789,"2026-01-13 18:14:15","2026-01-13 18:14:15",A0AE29,"United States","United States",N143DJ,,,,,,Vans,RV6,"Vans RV-6 A",25837,,,,,,Private,,,2011,,,,0,,,,,,0,0,0,0,0,,,,,,0,0,0,0,0,GEN-RV6
28093768,"2026-01-13 18:13:56","2026-01-13 18:13:56",A4548D,"United States","United States",N3785C,,,,,,"Adventure Air",ADVN,"Adventure Air Adventurer",22,,,,,,Private,,,,,,,0,,,,,,0,0,0,0,0,,,,,,0,0,0,0,0,GEN-ADVN
28093249,"2026-01-13 18:08:13","2026-01-13 18:08:13",68301E,Kazakhstan,Kazakhstan,UP-T3406,,,,,,Tupolev,T134,"Tupolev Tu-134 A-3",40150,,,,,,"Kazakhstan Emercom",,,,,,,0,,,,,,0,0,0,0,0,,,,,,0,0,0,0,0,BEC
28092475,"2026-01-13 17:58:45","2026-01-13 17:58:45",155237,Russia,Russia,RA-86583,,,,,,Ilyushin,IL62,"Ilyushin IL-62 M",1356851,,,,,,Avianergo,,,,,,,0,,,,,,0,0,0,0,0,,,,,,0,0,0,0,0,GEN-IL62
28092393,"2026-01-13 17:57:45","2026-01-13 17:57:45",AA00D4,"United States","United States",N74355,,,,,,"Grumman American",AA5,"Grumman American AA-5B Tiger",AA5B-0205,,,,,,Private,,,,,,,0,,,,,,0,0,0,0,0,,,,,,0,0,0,0,0,GEN-AA5
28091268,"2026-01-13 17:44:11","2026-01-13 17:44:11",4627A5,Finland,Finland,OH-PAJ,,,,,,Piper,PA31,"Piper PA-31 350 Navajo Chieftain",31-8252076,,,,,,Private,,,1982,,,,0,,,,,,0,0,0,0,0,,,,,,0,0,0,0,0,GEN-PA31
920715,"2026-01-12 07:49:15","2026-01-13 17:33:02",A145EC,"United States","United States",N181RT,,,,,,PIPER,PA46,"PIPER PA-46-310P Malibu",,,,,,,Unknown,,,,,,"S3: 2026-01-12 07:46:43",0,asd,,,,,0,0,0,0,0,,,,,,0,0,0,0,0,BLANK1
28088551,"2026-01-13 17:13:07","2026-01-13 17:13:07",C03D4E,Canada,Canada,C-FXFP,,,,,,Bombardier,GLEX,"Bombardier Global 6000",9818,,,,,,"Bombardier Inc",,,2017,,,,0,,,,,,0,0,0,0,0,,,,,,0,0,0,0,0,GEN-GLEX
28088351,"2026-01-13 17:11:00","2026-01-13 17:11:00",A925CE,"United States","United States",N689MW,,,,,,Rutan,VEZE,"Rutan VariEze",689,,,,,,Private,,,,,,,0,,,,,,0,0,0,0,0,,,,,,0,0,0,0,0,GEN-VEZE
28088291,"2026-01-13 17:10:12","2026-01-13 17:10:12",A03F86,"United States","United States",N115HS,,,,,,Cessna,C750,"Cessna Citation X",750-0275,,,,,,"Kaidi Acquisitions LLC",,,,,,,0,,,,,,0,0,0,0,0,,,,,,0,0,0,0,0,GEN-C750
28088224,"2026-01-13 17:09:29","2026-01-13 17:09:29",3E0EEC,Germany,Germany,D-HWVS,,,,,,Eurocopter,EC45,"Eurocopter MBB-BK 117 C-2 (EC145)",9027,,,,,,"ADAC Luftrettung",,,2002,,,,0,,,,,,0,0,0,0,0,,,,,,0,0,0,0,0,GEN-EC45
28087832,"2026-01-13 17:05:22","2026-01-13 17:05:22",A9D3C1,"United States","United States",N732PC,,,,,,Pilatus,PC12,"Pilatus PC-XII 47",732,,,,,,"Laboratory Corporation of America Holdings",,,2006,,,,0,,,,,,0,0,0,0,0,,,,,,0,0,0,0,0,GEN-PC12
19380810,"2025-05-20 10:52:03","2026-01-13 17:03:45",3D3660,Germany,Germany,D-ESVO,,,,,,Let,Z37P,"Let Cmelak Z-37A",20-18,,,,,,Private,,,1975,,,,0,,,,,,0,0,0,0,0,,,,,,0,0,0,0,0,GEN-Z37P
28086585,"2026-01-13 16:51:11","2026-01-13 16:51:11",AA33D6,"United States","United States",N7568U,,,,,,Pietenpol,CAMP,"Pietenpol Aircamper",SHP-1,,,,,,Private,,,1965,,,,0,,,,,,0,0,0,0,0,,,,,,0,0,0,0,0,GEN-CAMP
28085322,"2026-01-13 16:36:21","2026-01-13 16:36:21",A0A661,"United States","United States",N14095,,,,,,"Lancair International",LNC4,"Lancair International Lancair IV",LIV-104,,,,,,Private,,,,,,,0,,,,,,0,0,0,0,0,,,,,,0,0,0,0,0,GEN-LNC4
28085094,"2026-01-13 16:33:48","2026-01-13 16:33:48",0B06B2,Cuba,Cuba,CU-T1714,,,,,,Antonov,A158,"Antonov An-158",201-04,,,,,,Cubana,,,2014,,,,0,,,,,,0,0,0,0,0,,,,,,0,0,0,0,0,CUB
28084984,"2026-01-13 16:32:40","2026-01-13 16:32:40",0B0602,Cuba,Cuba,CU-T1538,,,,,,Yakovlev,YK40,"Yakovlev Yak-40",9021260,,,,,,"Aero Caribbean",,,,,,,0,,,,,,0,0,0,0,0,,,,,,0,0,0,0,0,GEN-YK40
28084967,"2026-01-13 16:32:33","2026-01-13 16:32:33",C08FC3,Canada,Canada,C-ICLM,,,,,,Birdman,ULAC,"Birdman Chinook WT-11",507,,,,,,Private,,,,,,,0,,,,,,0,0,0,0,0,,,,,,0,0,0,0,0,GEN-ULAC
28084480,"2026-01-13 16:26:23","2026-01-13 16:26:23",A72D9C,"United States","United States",N5614Y,,,,,,Piper,PA27,"Piper PA-23 Aztec 250C",27-2723,,,,,,Private,,,,,,,0,,,,,,0,0,0,0,0,,,,,,0,0,0,0,0,GEN-PA27
28084261,"2026-01-13 16:23:58","2026-01-13 16:23:58",39E2AE,France,France,F-HYVO,,,,,,Dassault,F2TH,"Dassault Falcon 2000EX EASy",111,,,,,,"Dassault Aviation",,,2006,,,,0,,,,,,0,0,0,0,0,,,,,,0,0,0,0,0,DSO
28084199,"2026-01-13 16:23:20","2026-01-13 16:23:20",406F20,"United Kingdom","United Kingdom",G-UMAR,,,,,,Boeing,B735,"Boeing 737 548/W",24968,,,,,,"Oryx Jet Ltd",,,1990,,,,0,,,,,,0,0,0,0,0,,,,,,0,0,0,0,0,GEN-B735
28083885,"2026-01-13 16:19:57","2026-01-13 16:19:57",AA623C,"United States","United States",N7684Z,,,,,,Piper,PA25,"Piper PA-25 235 Pawnee B",25-3836,,,,,,Private,,,,,,,0,,,,,,0,0,0,0,0,,,,,,0,0,0,0,0,GEN-PA25
28083743,"2026-01-13 16:18:16","2026-01-13 16:18:16",A7397E,"United States","United States",N565AA,,,,,,"McDonnell Douglas",MD83,"McDonnell Douglas DC-9 83",49347,,,,,,"American Airlines",,,1987,,,,0,,,,,,0,0,0,0,0,,,,,,0,0,0,0,0,AAL
28083306,"2026-01-13 16:13:04","2026-01-13 16:13:04",A6C500,"United States","United States",N535WM,,,,,,Mitsubishi,MU2,"Mitsubishi MU-2B -36  (L)",655,,,,,,"Air 1st Aviation Companies Inc",,,1974,,,,0,,,,,,0,0,0,0,0,,,,,,0,0,0,0,0,GEN-MU2
28082972,"2026-01-13 16:09:28","2026-01-13 16:09:28",508132,Ukraine,Ukraine,UR-CFG,,,,,,"McDonnell Douglas",MD82,"McDonnell Douglas DC-9 82",49370,,,,,,"Kish Air",,,1985,,,,0,,,,,,0,0,0,0,0,,,,,,0,0,0,0,0,GEN-MD82
28082593,"2026-01-13 16:05:08","2026-01-13 16:05:08",40320B,"United Kingdom","United Kingdom",G-BSOK,,,,,,Piper,P28A,"Piper PA-28 161 Warrior II",28-7816191,,,,,,Private,,,1977,,,,0,,,,,,0,0,0,0,0,,,,,,0,0,0,0,0,GEN-P28A
28081568,"2026-01-13 15:52:42","2026-01-13 15:52:42",E04830,Argentina,Argentina,C-FZOP,,,,,,Dassault,FA10,"Dassault Falcon 10",44,,,,,,"Air Nunavut",,,1975,,,,0,,,,,,0,0,0,0,0,,,,,,0,0,0,0,0,BFF
28080417,"2026-01-13 15:39:55","2026-01-13 15:39:55",ABFE5B,"United States","United States",N872GA,,,,,,"McDonnell Douglas",MD83,"McDonnell Douglas DC-9 83",53295,,,,,,"Allegiant Air",,,1991,,,,0,,,,,,0,0,0,0,0,,,,,,0,0,0,0,0,AAY
28079581,"2026-01-13 15:30:36","2026-01-13 15:30:36",43C78A,"United Kingdom","United Kingdom",1022,,,,,,Eurofighter,EUFI,"Eurofighter Typhoon F2",CS028,,,,,,"Royal Saudi Air Force",,,2014,,,,0,,,,,,1,0,0,0,0,,,,,,0,0,0,0,0,
28079507,"2026-01-13 15:29:20","2026-01-13 15:29:20",1558B3,Russia,Russia,RA-88243,,,,,,Yakovlev,YK40,"Yakovlev Yak-40 K",9641651,,,,,,RusLine,,,,,,,0,,,,,,0,0,0,0,0,,,,,,0,0,0,0,0,GEN-YK40
28078464,"2026-01-13 15:18:11","2026-01-13 15:18:11",4B1AA7,Switzerland,Switzerland,HB-KCL,,,,,,Maule,M7,"Maule M-7 235 Super Rocket",4054C,,,,,,Private,,,,,,,0,,,,,,0,0,0,0,0,,,,,,0,0,0,0,0,GEN-M7
28078444,"2026-01-13 15:18:05","2026-01-13 15:18:05",780411,China,China,B-3037,,,,,,Embraer,E145,"Embraer ERJ-145 LI",14501005,,,,,,"Tianjin Airlines",,,,,,,0,,,,,,0,0,0,0,0,,,,,,0,0,0,0,0,GCR
28078198,"2026-01-13 15:15:22","2026-01-13 15:15:22",4B07B6,Switzerland,Switzerland,HB-CXY,,,,,,Reims/Cessna,C172,"Reims/Cessna F172N",1632,,,,,,Private,,,1977,,,,0,,,,,,0,0,0,0,0,,,,,,0,0,0,0,0,GEN-C172
28077793,"2026-01-13 15:10:25","2026-01-13 15:10:25",A3BA3F,"United States","United States",N33944,,,,,,Schweizer,GLID,"Schweizer SGS 2-33 A",404,,,,,,Private,,,1975,,,,0,,,,,,0,0,0,0,0,,,,,,0,0,0,0,0,GEN-GLID
28077422,"2026-01-13 15:06:34","2026-01-13 15:06:34",E49693,Brazil,Brazil,PR-LBI,,,,,,Embraer,E550,"Embraer Praetor 600",55020122,,,,,,Embraer,,,2019,,,,0,,,,,,0,0,0,0,0,,,,,,0,0,0,0,0,GEN-E550
28075837,"2026-01-13 14:47:40","2026-01-13 14:47:40",3D23FE,Germany,Germany,D-ELWO,,,,,,Piper,P28A,"Piper PA-28 180 Cherokee B",28-1706,,,,,,Private,,,1964,,,,0,,,,,,0,0,0,0,0,,,,,,0,0,0,0,0,GEN-P28A
28075807,"2026-01-13 14:47:12","2026-01-13 14:47:12",A2A47C,"United States","United States",N27DP,,,,,,Piccard,BALL,"Piccard AX.6 Hot Air Balloon",711,,,,,,Private,,,1974,,,,0,,,,,,0,0,0,0,0,,,,,,0,0,0,0,0,GEN-BALL
28075515,"2026-01-13 14:43:16","2026-01-13 14:43:16",A4A761,"United States","United States",N39959,,,,,,Taylorcraft,TAYB,"Taylorcraft BF",6618,,,,,,Private,,,1945,,,,0,,,,,,0,0,0,0,0,,,,,,0,0,0,0,0,GEN-TAYB
28073666,"2026-01-13 14:22:58","2026-01-13 14:22:58",5113F2,Estonia,Estonia,"",,,,,,"",-GND,"Ground Vehicle",,,,,,,"Tallinn Airport",,,,,,,0,,,,,,0,0,0,0,0,,,,,,0,0,0,0,0,GEN--GND
28072370,"2026-01-13 14:06:45","2026-01-13 14:06:45",A747B1,"United States","United States",N5685H,,,,,,Piper,PA16,"Piper PA-16 Clipper",16-297,,,,,,Private,,,1949,,,,0,,,,,,0,0,0,0,0,,,,,,0,0,0,0,0,GEN-PA16
28072188,"2026-01-13 14:04:38","2026-01-13 14:04:38",A63318,"United States","United States",N499SA,,,,,,Boeing,B734,"Boeing 737 4K5SF",26316,,,,,,"Southern Air",,,1995,,,,0,,,,,,0,0,0,0,0,,,,,,0,0,0,0,0,SOO
28071804,"2026-01-13 14:00:06","2026-01-13 14:00:06",46844C,Greece,Greece,SX-ABL,,,,,,Piper,PA46,"Piper PA-46 350P Malibu Mirage",4636020,,,,,,Private,,,,,,,0,,,,,,0,0,0,0,0,,,,,,0,0,0,0,0,GEN-PA46
28071137,"2026-01-13 13:52:11","2026-01-13 13:52:11",A22277,"United States","United States",N23691,,,,,,Taylorcraft,TAYB,"Taylorcraft BC-65",1425,,,,,,Private,,,1939,,,,0,,,,,,0,0,0,0,0,,,,,,0,0,0,0,0,GEN-TAYB
28070614,"2026-01-13 13:46:19","2026-01-13 13:46:19",A4C1FF,"United States","United States",N4053K,,,,,,Ryan,NAVI,"Ryan Navion L-17A",NAV-4-1053,,,,,,Private,,,1947,,,,0,,,,,,0,0,0,0,0,,,,,,0,0,0,0,0,GEN-NAVI
28070428,"2026-01-13 13:44:18","2026-01-13 13:44:18",A4A9BD,"United States","United States",N4UM,,,,,,Maule,M7,"Maule MX-7 180 Star Rocket",11063C,,,,,,Private,,,1989,,,,0,,,,,,0,0,0,0,0,,,,,,0,0,0,0,0,GEN-M7
28070231,"2026-01-13 13:42:04","2026-01-13 13:42:04",A1C3D8,"United States","United States",N2124D,,,,,,Cessna,C172,"Cessna 172R Skyhawk",17281364,,,,,,Private,,,2006,,,,0,,,,,,0,0,0,0,0,,,,,,0,0,0,0,0,GEN-C172
28068841,"2026-01-13 13:25:58","2026-01-13 13:25:58",86DD46,Japan,Japan,JA845C,,,,,,Bombardier,DH8D,"Bombardier DHC-8 402",4101,,,,,,"Japan Air Commuter",,,2005,,,,0,,,,,,0,0,0,0,0,,,,,,0,0,0,0,0,JAC
28068591,"2026-01-13 13:23:16","2026-01-13 13:23:16",ADA0F6,"United States","United States",N9777C,,,,,,Hiller,UH12,"Hiller UH-12E Raven",2173,,,,,,Private,,,,,,,0,,,,,,0,0,0,0,0,,,,,,0,0,0,0,0,GEN-UH12
28067313,"2026-01-13 13:09:08","2026-01-13 13:09:08",A97F38,"United States","United States",N7106A,,,,,,Piper,P46T,"Piper PA-46-500TP M500",4697619,,,,,,"Piper Aircraft Inc",,,2017,,,,0,,,,,,0,0,0,0,0,,,,,,0,0,0,0,0,GEN-P46T
28067056,"2026-01-13 13:06:01","2026-01-13 13:06:01",A4BE93,"United States","United States",N4045Q,,,,,,"Balloon Works",BALL,"Balloon Works Firefly 7 Hot Air Balloon",7887,,,,,,Private,,,,,,,0,,,,,,0,0,0,0,0,,,,,,0,0,0,0,0,GEN-BALL
28066965,"2026-01-13 13:05:00","2026-01-13 13:05:00",38205A,France,France,F-WWFH,,,,,,Dassault,F900,"Dassault Falcon 900LX",305,,,,,,"Dassault Aviation",,,2016,,,,0,,,,,,0,0,0,0,0,,,,,,0,0,0,0,0,DSO
28066750,"2026-01-13 13:02:30","2026-01-13 13:02:30",88302B,Thailand,Thailand,HS-LAK,,,,,,Airbus,A339,"Airbus A330 941N",1933,,,,,,"Thai Lion Air",,,2019,,,,0,,,,,,0,0,0,0,0,,,,,,0,0,0,0,0,TLM
28065917,"2026-01-13 12:52:10","2026-01-13 12:52:10",4B1833,Switzerland,Switzerland,HB-JEH,,,,,,Bombardier,GLEX,"Bombardier Global 6000",9523,,,,,,"Albinati Aeronautics SA",,,2012,,,,0,,,,,,0,0,0,0,0,,,,,,0,0,0,0,0,LUC
28065469,"2026-01-13 12:47:05","2026-01-13 12:47:05",A868D0,"United States","United States",N6409B,,,,,,Cessna,C210,"Cessna 210M Centurion",21062760,,,,,,Private,,,1978,,,,0,,,,,,0,0,0,0,0,,,,,,0,0,0,0,0,GEN-C210
28065029,"2026-01-13 12:42:11","2026-01-13 12:42:11",84BCCA,Japan,Japan,JA22HY,,,,,,Robinson,R22,"Robinson R22 Beta II",2628,,,,,,Private,,,,,,,0,,,,,,0,0,0,0,0,,,,,,0,0,0,0,0,GEN-R22
28064683,"2026-01-13 12:37:38","2026-01-13 12:37:38",AA8545,"United States","United States",N777YY,,,,,,Bombardier,LJ60,"Bombardier Learjet 60",60-054,,,,,,"Charter Airlines LLC",,,,,,,0,,,,,,0,0,0,0,0,,,,,,0,0,0,0,0,GEN-LJ60
28064246,"2026-01-13 12:32:55","2026-01-13 12:32:55",C808A7,"New Zealand","New Zealand",ZK-GNX,,,,,,LET,GLID,"LET L-13 Blanik",025402,,,,,,Private,,,1972,,,,0,,,,,,0,0,0,0,0,,,,,,0,0,0,0,0,GEN-GLID
28061446,"2026-01-13 12:01:15","2026-01-13 12:01:15",A9B39A,"United States","United States",N724NF,,,,,,Stoddard-Hamilton,GLAS,"Stoddard-Hamilton Glasair II",251,,,,,,Private,,,1984,,,,0,,,,,,0,0,0,0,0,,,,,,0,0,0,0,0,GEN-GLAS
28061332,"2026-01-13 12:00:03","2026-01-13 12:00:03",0AC181,Colombia,Colombia,HK-4954,,,,,,"Avions de Transport Regional",AT76,"Avions de Transport Regional ATR 72 600",1092,,,,,,Avianca,,,2013,,,,0,,,,,,0,0,0,0,0,,,,,,0,0,0,0,0,AVA
28060980,"2026-01-13 11:56:09","2026-01-13 11:56:09",AC95F2,"United States","United States",N91SR,,,,,,"Quad City",ULAC,"Quad City Challenger II",CH2-0501-2082,,,,,,Private,,,2003,,,,0,,,,,,0,0,0,0,0,,,,,,0,0,0,0,0,GEN-ULAC
28060671,"2026-01-13 11:52:16","2026-01-13 11:52:16",C05AD6,Canada,Canada,C-GIKJ,,,,,,Cessna,C188,"Cessna A188B AgTruck",18803094T,,,,,,Private,,,,,,,0,,,,,,0,0,0,0,0,,,,,,0,0,0,0,0,GEN-C188
28060271,"2026-01-13 11:47:54","2026-01-13 11:47:54",A20386,"United States","United States",N229MC,,,,,,Cessna,C550,"Cessna Citation II",550-0229,,,,,,"NMC550 LLC",,,,,,,0,,,,,,0,0,0,0,0,,,,,,0,0,0,0,0,GEN-C550
28059252,"2026-01-13 11:35:37","2026-01-13 11:35:37",A99224,"United States","United States",N7158V,,,,,,Mooney,M20P,"Mooney M.20E Chaparral 201",21-0053,,,,,,Private,,,,,,,0,,,,,,0,0,0,0,0,,,,,,0,0,0,0,0,GEN-M20P
28058731,"2026-01-13 11:29:39","2026-01-13 11:29:39",896073,"United Arab Emirates","United Arab Emirates",A6-EAP,,,,,,Airbus,A332,"Airbus A330 243",525,,,,,,Emirates,,,2003,,,,0,,,,,,0,0,0,0,0,,,,,,0,0,0,0,0,UAE
28057492,"2026-01-13 11:15:54","2026-01-13 11:15:54",A506A7,"United States","United States",N4229G,,,,,,"Rocky Mountain Wings",ULAC,"Rocky Mountain Wings Ridge Runner II",008405891,,,,,,Private,,,,,,,0,,,,,,0,0,0,0,0,,,,,,0,0,0,0,0,GEN-ULAC
28057074,"2026-01-13 11:11:38","2026-01-13 11:11:38",3E1D07,Germany,Germany,D-ICEP,,,,,,Cessna,C337,"Cessna 337F Super Skymaster",33701433,,,,,,Private,,,1972,,,,0,,,,,,0,0,0,0,0,,,,,,0,0,0,0,0,GEN-C337
28056681,"2026-01-13 11:06:32","2026-01-13 11:06:32",A7933B,"United States","United States",N5877E,,,,,,Cessna,C150,"Cessna 150",17377,,,,,,Private,,,1959,,,,0,,,,,,0,0,0,0,0,,,,,,0,0,0,0,0,GEN-C150
28055956,"2026-01-13 10:58:15","2026-01-13 10:58:15",4B2943,Switzerland,Switzerland,HB-PQH,,,,,,Piper,P28B,"Piper PA-28 235 Cherokee C",28-7410006,,,,,,Private,,,1973,,,,0,,,,,,0,0,0,0,0,,,,,,0,0,0,0,0,GEN-P28B
28055908,"2026-01-13 10:57:37","2026-01-13 10:57:37",7C752B,Australia,Australia,VH-XFH,,,,,,Airbus,A332,"Airbus A330 243",1452,,,,,,"Virgin Australia",,,2013,,,,0,,,,,,0,0,0,0,0,,,,,,0,0,0,0,0,VOZ
28055700,"2026-01-13 10:55:33","2026-01-13 10:55:33",A572C0,"United States","United States",N450GP,,,,,,"Gulfstream Aerospace",GLF4,"Gulfstream Aerospace G450",4121,,,,,,"AV13 LLC",,,2008,,,,0,,,,,,0,0,0,0,0,,,,,,0,0,0,0,0,GEN-GLF4
28055240,"2026-01-13 10:49:57","2026-01-13 10:49:57",3D0A53,Germany,Germany,D-ECDV,,,,,,Reims/Cessna,C150,"Reims/Cessna F150K",0599,,,,,,Private,,,,,,,0,,,,,,0,0,0,0,0,,,,,,0,0,0,0,0,GEN-C150
28054869,"2026-01-13 10:46:06","2026-01-13 10:46:06",71D453,"South Korea","South Korea",HL9453,,,,,,"MBB Kawasaki",BK17,"MBB Kawasaki BK.117",1060,,,,,,Private,,,,,,,0,,,,,,0,0,0,0,0,,,,,,0,0,0,0,0,GEN-BK17
28054433,"2026-01-13 10:41:10","2026-01-13 10:41:10",AA246A,"United States","United States",N7524Q,,,,,,Cameron,BALL,"Cameron N-105 Hot Air Balloon",5861,,,,,,Private,,,,,,,0,,,,,,0,0,0,0,0,,,,,,0,0,0,0,0,GEN-BALL
28053724,"2026-01-13 10:32:35","2026-01-13 10:32:35",42417B,"Cayman Islands","Cayman Islands",VP-CGD,,,,,,Dassault,F900,"Dassault Falcon 900EX",65,,,,,,"Volkswagen AG",,,2000,,,,0,,,,,,0,0,0,0,0,,,,,,0,0,0,0,0,GEN-F900
28052997,"2026-01-13 10:24:05","2026-01-13 10:24:05",A66B38,"United States","United States",N5120C,,,,,,Beech,BE35,"Beech Bonanza B35",D-2405,,,,,,Private,,,1950,,,,0,,,,,,0,0,0,0,0,,,,,,0,0,0,0,0,GEN-BE35
28052973,"2026-01-13 10:23:52","2026-01-13 10:23:52",8749E7,Japan,Japan,JA99DR,,,,,,"Textron Aviation",B350,"Textron Aviation King Air B350",FL-1076,,,,,,Corporate,,,2016,,,,0,,,,,,0,0,0,0,0,,,,,,0,0,0,0,0,GEN-B350
28052570,"2026-01-13 10:18:41","2026-01-13 10:18:41",A69129,"United States","United States",N522JE,,,,,,Champion,CH7A,"Champion Citabria 7ECA",417,,,,,,Private,,,1967,,,,0,,,,,,0,0,0,0,0,,,,,,0,0,0,0,0,GEN-CH7A
28052416,"2026-01-13 10:16:48","2026-01-13 10:16:48",A15953,"United States","United States",N1860E,,,,,,Aeronca,CH7A,"Aeronca Champion 7AC",7AC-5427,,,,,,Private,,,1946,,,,0,,,,,,0,0,0,0,0,,,,,,0,0,0,0,0,GEN-CH7A
28051740,"2026-01-13 10:09:15","2026-01-13 10:09:15",155004,Russia,Russia,RA-86020,,,,,,Ilyushin,IL76,"Ilyushin IL-76 M",083413403,,,,,,"Russian Air Force",,,,,,,0,,,,,,1,0,0,0,0,,,,,,0,0,0,0,0,
28049449,"2026-01-13 09:42:29","2026-01-13 09:42:29",A5C5E4,"United States","United States",N471M,,,,,,Hughes,H500,"Hughes 369 HS",114-0671S,,,,,,Private,,,1974,,,,0,,,,,,0,0,0,0,0,,,,,,0,0,0,0,0,GEN-H500
28049327,"2026-01-13 09:41:04","2026-01-13 09:41:04",A643BC,"United States","United States",N5020F,,,,,,Fairchild-Hiller,FH11,"Fairchild-Hiller FH-1100",64,,,,,,Private,,,,,,,0,,,,,,0,0,0,0,0,,,,,,0,0,0,0,0,GEN-FH11
17912,"2022-02-16 07:49:47","2026-01-13 09:38:29",48421B,Netherlands,Netherlands,,,,,,,,-GND,,,,,,,,,,,,,,,0,,,,,,0,0,0,0,0,Missing,,,,,0,0,0,0,0,GEN--GND
28049078,"2026-01-13 09:37:50","2026-01-13 09:37:50",A3ABE0,"United States","United States",N3358P,,,,,,Piper,PA23,"Piper PA-23 Apache 160",23-1313,,,,,,Private,,,1958,,,,0,,,,,,0,0,0,0,0,,,,,,0,0,0,0,0,GEN-PA23
28048755,"2026-01-13 09:33:33","2026-01-13 09:33:33",A54C89,"United States","United States",N440VS,,,,,,Bellanca,B14A,"Bellanca Cruisair Senior 14-13-2",1096,,,,,,Private,,,1946,,,,0,,,,,,0,0,0,0,0,,,,,,0,0,0,0,0,GEN-B14A
28047956,"2026-01-13 09:24:04","2026-01-13 09:24:04",A3F3A6,"United States","United States",N35398,,,,,,Piper,J5,"Piper J-5 Cub Cruiser",5-648,,,,,,Private,,,1941,,,,0,,,,,,0,0,0,0,0,,,,,,0,0,0,0,0,GEN-J5
28047172,"2026-01-13 09:14:20","2026-01-13 09:14:20",4242ED,Bermuda,Bermuda,VP-BOL,,,,,,Airbus,A320,"Airbus A320 214SL",6066,,,,,,"S7 Airlines",,,2014,,,,0,,,,,,0,0,0,0,0,,,,,,0,0,0,0,0,SBI
28046593,"2026-01-13 09:07:21","2026-01-13 09:07:21",A3C037,"United States","United States",N3404E,,,,,,Aeronca,AR11,"Aeronca Chief 11AC",11AC-1728,,,,,,Private,,,1947,,,,0,,,,,,0,0,0,0,0,,,,,,0,0,0,0,0,GEN-AR11
28045604,"2026-01-13 08:56:08","2026-01-13 08:56:08",46A8C6,Greece,Greece,SX-JFF,,,,,,Piaggio,P180,"Piaggio P-180 Avanti EVO",3002,,,,,,"Superior Air",,,2014,,,,0,,,,,,0,0,0,0,0,,,,,,0,0,0,0,0,GEN-P180
28044161,"2026-01-13 08:37:43","2026-01-13 08:37:43",AD0D29,"United States","United States",N940AA,,,,,,Sikorsky,H60,"Sikorsky UH-60A Blackhawk",70259,,,,,,"Aircraft Investment Holdings LLC",,,,,,,0,,,,,,0,0,0,0,0,,,,,,0,0,0,0,0,GEN-H60
28042446,"2026-01-13 08:17:12","2026-01-13 08:17:12",008143,"South Africa","South Africa",ZS-ALT,,,,,,Beech,B190,"Beech 1900 D",UE-94,,,,,,"Awesome Aviation P/L",,,1994,,,,0,,,,,,0,0,0,0,0,,,,,,0,0,0,0,0,GEN-B190
28041655,"2026-01-13 08:07:57","2026-01-13 08:07:57",00AED6,"South Africa","South Africa",ZS-RSN,,,,,,Eurocopter,EC35,"Eurocopter EC635 T2+",0858,,,,,,Private,,,2009,,,,0,,,,,,0,0,0,0,0,,,,,,0,0,0,0,0,GEN-EC35
28041213,"2026-01-13 08:02:25","2026-01-13 08:02:25",A4A6B9,"United States","United States",N3991F,,,,,,Cessna,C172,"Cessna 172",36891,,,,,,Private,,,1958,,,,0,,,,,,0,0,0,0,0,,,,,,0,0,0,0,0,GEN-C172
28040209,"2026-01-13 07:47:41","2026-01-13 07:47:41",A00B2F,"United States","United States",N1013C,,,,,,"Air Command",CMDE,"Air Command 532 Elite",KAG73064,,,,,,Private,,,,,,,0,,,,,,0,0,0,0,0,,,,,,0,0,0,0,0,GEN-CMDE
28040192,"2026-01-13 07:47:30","2026-01-13 07:47:30",380559,France,France,F-BBKZ,,,,,,Nord,N120,"Nord 1203 Norecrin",68,,,,,,Private,,,,,,,0,,,,,,0,0,0,0,0,,,,,,0,0,0,0,0,GEN-N120
28040044,"2026-01-13 07:45:36","2026-01-13 07:45:36",44B593,Belgium,Belgium,OO-MLS,,,,,,Piper,P28R,"Piper PA-28R 200 Cherokee Arrow II",28R-7335221,,,,,,Private,,,,,,,0,,,,,,0,0,0,0,0,,,,,,0,0,0,0,0,GEN-P28R
28039432,"2026-01-13 07:36:43","2026-01-13 07:36:43",AC2805,"United States","United States",N8823A,,,,,,Beech,BE35,"Beech Bonanza B35",D-2368,,,,,,Private,,,1950,,,,0,,,,,,0,0,0,0,0,,,,,,0,0,0,0,0,GEN-BE35
28038733,"2026-01-13 07:27:59","2026-01-13 07:27:59",39306C,France,France,F-GMDM,,,,,,Sky,BALL,"Sky 105-24 Hot Air Balloon",094,,,,,,Private,,,1998,,,,0,,,,,,0,0,0,0,0,,,,,,0,0,0,0,0,GEN-BALL
28038530,"2026-01-13 07:25:39","2026-01-13 07:25:39",A75CD9,"United States","United States",N57368,,,,,,Piper,PA34,"Piper PA-34 200 Seneca",34-7450054,,,,,,Private,,,1973,,,,0,,,,,,0,0,0,0,0,,,,,,0,0,0,0,0,GEN-PA34
28037635,"2026-01-13 07:14:25","2026-01-13 07:14:25",ACF836,"United States","United States",N93495,,,,,,Bellanca,BL17,"Bellanca Super Viking 17-30A",73-30604,,,,,,Private,,,1973,,,,0,,,,,,0,0,0,0,0,,,,,,0,0,0,0,0,GEN-BL17
28036535,"2026-01-13 07:00:35","2026-01-13 07:00:35",AB3761,"United States","United States",N8213P,,,,,,Piper,PA24,"Piper PA-24 250 Comanche",24-3466,,,,,,Private,,,,,,,0,,,,,,0,0,0,0,0,,,,,,0,0,0,0,0,GEN-PA24
28036311,"2026-01-13 06:57:50","2026-01-13 06:57:50",009FFB,"South Africa","South Africa",ZS-MCG,,,,,,"Cirrus Design",SR22,"Cirrus Design SR22",2004,,,,,,Private,,,2006,,,,0,,,,,,0,0,0,0,0,,,,,,0,0,0,0,0,GEN-SR22
28035118,"2026-01-13 06:43:25","2026-01-13 06:43:25",A0EEBE,"United States","United States",N15950,,,,,,Piper,PA32,"Piper PA-32 300 Cherokee Six",32-7340075,,,,,,Private,,,1973,,,,0,,,,,,0,0,0,0,0,,,,,,0,0,0,0,0,GEN-PA32
28034871,"2026-01-13 06:40:21","2026-01-13 06:40:21",43C6B7,"United Kingdom","United Kingdom",ZK460,,,,,,"Hawker Beechcraft Corp",BE20,"Hawker Beechcraft Corp King Air 200GT",BY-90,,,,,,"Royal Air Force",,,2009,,,,0,,,,,,1,0,0,0,0,,,,,,0,0,0,0,0,RRR
28034777,"2026-01-13 06:39:00","2026-01-13 06:39:00",A185EB,"United States","United States",N198AH,,,,,,"Airbus Helicopters",AS50,"Airbus Helicopters Squirrel AS.350 B",7987,,,,,,"Hillsboro Aviation Inc",,,2014,,,,0,,,,,,0,0,0,0,0,,,,,,0,0,0,0,0,GEN-AS50
28033992,"2026-01-13 06:29:02","2026-01-13 06:29:02",AA3DD0,"United States","United States",N7590,,,,,,Schweizer,GLID,"Schweizer SGS 2-33 A",180,,,,,,Private,,,1970,,,,0,,,,,,0,0,0,0,0,,,,,,0,0,0,0,0,GEN-GLID
28033311,"2026-01-13 06:19:59","2026-01-13 06:19:59",A0CCF1,"United States","United States",N1503A,,,,,,Piper,PA20,"Piper PA-20 135 Pacer",20-687,,,,,,Private,,,1953,,,,0,,,,,,0,0,0,0,0,,,,,,0,0,0,0,0,GEN-PA20
28033269,"2026-01-13 06:19:24","2026-01-13 06:19:24",A2C21D,"United States","United States",N277SR,,,,,,"Raytheon Aircraft Company",H25B,"Raytheon Aircraft Company 125 850XP",258819,,,,,,"Cedar Creek Aviation LLC",,,,,,,0,,,,,,0,0,0,0,0,,,,,,0,0,0,0,0,GEN-H25B
28033219,"2026-01-13 06:18:52","2026-01-13 06:18:52",A8BE6A,"United States","United States",N6623B,,,,,,Bell,B407,"Bell 407 GX",54689,,,,,,"Bell Helicopter Textron Inc",,,2016,,,,0,,,,,,0,0,0,0,0,,,,,,0,0,0,0,0,GEN-B407
28033065,"2026-01-13 06:16:46","2026-01-13 06:16:46",A4BB45,"United States","United States",N4038Q,,,,,,Cessna,C402,"Cessna 401",401-0138,,,,,,Private,,,1967,,,,0,,,,,,0,0,0,0,0,,,,,,0,0,0,0,0,GEN-C402
28032987,"2026-01-13 06:15:50","2026-01-13 06:15:50",4B4065,Switzerland,Switzerland,HB-YKB,,,,,,Neico,LNC2,"Neico Lancair 360",755,,,,,,Private,,,,,,,0,,,,,,0,0,0,0,0,,,,,,0,0,0,0,0,GEN-LNC2
28031926,"2026-01-13 06:01:51","2026-01-13 06:01:51",7815D6,China,China,B-602U,,,,,,Bombardier,CL60,"Bombardier Challenger 650",6106,,,,,,"Dinglong Ocean Bay Resorts",,,2017,,,,0,,,,,,0,0,0,0,0,,,,,,0,0,0,0,0,GEN-CL60
28031519,"2026-01-13 05:57:16","2026-01-13 05:57:16",AC4477,"United States","United States",N89RE,,,,,,Rotec,ULAC,"Rotec Rally 3A",25074,,,,,,Private,,,1982,,,,0,,,,,,0,0,0,0,0,,,,,,0,0,0,0,0,GEN-ULAC
28029882,"2026-01-13 05:36:49","2026-01-13 05:36:49",3945E9,France,France,F-GRPJ,,,,,,"Avions de Transport Regional",AT75,"Avions de Transport Regional ATR 72 500",724,,,,,,"Air Corsica",,,2005,,,,0,,,,,,0,0,0,0,0,,,,,,0,0,0,0,0,CCM
28029209,"2026-01-13 05:27:24","2026-01-13 05:27:24",A412C4,"United States","United States",N3613,,,,,,Bowers,FB1A,"Bowers Fly Baby C.H.-1",H6469,,,,,,Private,,,1968,,,,0,,,,,,0,0,0,0,0,,,,,,0,0,0,0,0,GEN-FB1A
28029178,"2026-01-13 05:27:09","2026-01-13 05:27:09",440459,Austria,Austria,OE-HPA,,,,,,"Gulfstream Aerospace",G280,"Gulfstream Aerospace G280",2013,,,,,,"Avcon Jet AG",,,2012,,,,0,,,,,,0,0,0,0,0,,,,,,0,0,0,0,0,AOJ
28028357,"2026-01-13 05:15:30","2026-01-13 05:15:30",AC0C0B,"United States","United States",N87552,,,,,,Beech,B190,"Beech 1900 D",UE-216,,,,,,"Mission Air Support",,,1996,,,,0,,,,,,0,0,0,0,0,,,,,,0,0,0,0,0,GEN-B190
28028312,"2026-01-13 05:14:55","2026-01-13 05:14:55",AA2187,"United States","United States",N752AR,,,,,,"Hawker Beechcraft Corp",H25B,"Hawker Beechcraft Corp Hawker 900XP",HA-0024,,,,,,"American Renal Aviation LLC",,,2007,,,,0,,,,,,0,0,0,0,0,,,,,,0,0,0,0,0,GEN-H25B
28026899,"2026-01-13 04:55:14","2026-01-13 04:55:14",A33614,"United States","United States",N306EV,,,,,,"McDonnell Douglas",MD90,"McDonnell Douglas MD-90 30",53568,,,,,,"EVA Air",,,1997,,,,0,,,,,,0,0,0,0,0,,,,,,0,0,0,0,0,GEN-MD90
28026514,"2026-01-13 04:50:18","2026-01-13 04:50:18",A68182,"United States","United States",N5180C,,,,,,"Textron Aviation",C208,"Textron Aviation 208 EX",208B-5341,,,,,,"Textron Aviation Inc",,,2016,,,,0,,,,,,0,0,0,0,0,,,,,,0,0,0,0,0,GEN-C208
28025859,"2026-01-13 04:41:20","2026-01-13 04:41:20",ACFEA1,"United States","United States",N9362R,,,,,,Beech,BE18,"Beech 18 D / S",A-210,,,,,,Private,,,1946,,,,0,,,,,,0,0,0,0,0,,,,,,0,0,0,0,0,GEN-BE18
28025609,"2026-01-13 04:37:51","2026-01-13 04:37:51",3F3BB5,Germany,Germany,D-OIND,,,,,,"Balony Kubicek",BALL,"Balony Kubicek BB 42Z Hot Air Balloon",591,,,,,,Private,,,2008,,,,0,,,,,,0,0,0,0,0,,,,,,0,0,0,0,0,GEN-BALL
28025575,"2026-01-13 04:37:26","2026-01-13 04:37:26",AC425E,"United States","United States",N8895U,,,,,,Cessna,C150,"Cessna 150M",15078016,,,,,,Private,,,,,,,0,,,,,,0,0,0,0,0,,,,,,0,0,0,0,0,GEN-C150
28023276,"2026-01-13 04:07:00","2026-01-13 04:07:00",A26532,"United States","United States",N2531V,,,,,,Cessna,C170,"Cessna 170",18035,,,,,,Private,,,1948,,,,0,,,,,,0,0,0,0,0,,,,,,0,0,0,0,0,GEN-C170
28022362,"2026-01-13 03:52:48","2026-01-13 03:52:48",ADE104,"United States","United States",N9936T,,,,,,Cessna,C182,"Cessna 182D Skylane",18253036,,,,,,Private,,,1960,,,,0,,,,,,0,0,0,0,0,,,,,,0,0,0,0,0,GEN-C182
28022346,"2026-01-13 03:52:37","2026-01-13 03:52:37",4027C5,"United Kingdom","United Kingdom",G-BTYH,,,,,,Pottier,P80,"Pottier P.80S","PFA 160-11121",,,,,,Private,,,,,,,0,,,,,,0,0,0,0,0,,,,,,0,0,0,0,0,GEN-P80
28021567,"2026-01-13 03:37:42","2026-01-13 03:37:42",700282,Afghanistan,Afghanistan,XY-AIW,,,,,,"Avions de Transport Regional",AT75,"Avions de Transport Regional ATR 72 500",582,,,,,,"Air KBZ",,,1999,,,,0,,,,,,0,0,0,0,0,,,,,,0,0,0,0,0,KBZ
28020449,"2026-01-13 03:14:55","2026-01-13 03:14:55",AC8C38,"United States","United States",N9075D,,,,,,"Balloon Works",BALL,"Balloon Works Firefly 9 Hot Air Balloon",F9-052,,,,,,Private,,,1991,,,,0,,,,,,0,0,0,0,0,,,,,,0,0,0,0,0,GEN-BALL
28018710,"2026-01-13 02:46:19","2026-01-13 02:46:19",3F05D4,Germany,Germany,D-9533,,,,,,Glasflugel,GLID,"Glasflugel H206 Hornet",48,,,,,,Private,,,,,,,0,,,,,,0,0,0,0,0,,,,,,0,0,0,0,0,GEN-GLID
28018046,"2026-01-13 02:37:03","2026-01-13 02:37:03",C034A6,Canada,Canada,C-FTYJ,,,,,,Mooney,M20P,"Mooney M.20R Ovation",29-0118,,,,,,Private,,,1997,,,,0,,,,,,0,0,0,0,0,,,,,,0,0,0,0,0,GEN-M20P
28017860,"2026-01-13 02:34:34","2026-01-13 02:34:34",A0BBDE,"United States","United States",N1464,,,,,,Laister-Kauffman,GLID,"Laister-Kauffman LK-10A TG-4A",81,,,,,,Private,,,1943,,,,0,,,,,,0,0,0,0,0,,,,,,0,0,0,0,0,GEN-GLID
28017123,"2026-01-13 02:24:37","2026-01-13 02:24:37",0085D9,"South Africa","South Africa",ZU-FNT,,,,,,"Auster Aircraft",ACAR,"Auster Aircraft Auster J/5B Autocar",2916,,,,,,Private,,,,,,,0,,,,,,0,0,0,0,0,,,,,,0,0,0,0,0,GEN-ACAR
28016937,"2026-01-13 02:22:00","2026-01-13 02:22:00",A11327,"United States","United States",N169AK,,,,,,Vans,RV9,"Vans RV-9 A",90374,,,,,,Private,,,2003,,,,0,,,,,,0,0,0,0,0,,,,,,0,0,0,0,0,GEN-RV9
28016414,"2026-01-13 02:14:29","2026-01-13 02:14:29",AE08F5,"United States","United States",85-00150,,,,,,Beech,BE20,"Beech RC-12K Huron",FE-4,,,,,,"United States Army",,,,,,,0,,,,,,1,0,0,0,0,,,,,,0,0,0,0,0,
28016392,"2026-01-13 02:14:13","2026-01-13 02:14:13",AAFAD1,"United States","United States",N8062M,,,,,,Cessna,C310,"Cessna 310I",310I-0062,,,,,,Private,,,,,,,0,,,,,,0,0,0,0,0,,,,,,0,0,0,0,0,GEN-C310
28016320,"2026-01-13 02:13:22","2026-01-13 02:13:22",852EA2,Japan,Japan,JA3986,,,,,,Cessna,C172,"Cessna 172P Skyhawk",17275341,,,,,,Private,,,1981,,,,0,,,,,,0,0,0,0,0,,,,,,0,0,0,0,0,GEN-C172
28015956,"2026-01-13 02:08:17","2026-01-13 02:08:17",ABF006,"United States","United States",N8688G,,,,,,Cessna,C150,"Cessna 150F",15062788,,,,,,Private,,,1966,,,,0,,,,,,0,0,0,0,0,,,,,,0,0,0,0,0,GEN-C150
28015772,"2026-01-13 02:05:50","2026-01-13 02:05:50",383072,France,France,F-BMDS,,,,,,Alpavia,RF3,"Alpavia RF-3",41,,,,,,Private,,,1964,,,,0,,,,,,0,0,0,0,0,,,,,,0,0,0,0,0,GEN-RF3
28014323,"2026-01-13 01:45:36","2026-01-13 01:45:36",A4EE1D,"United States","United States",N41697,,,,,,"Quad City",ULAC,"Quad City Challenger II",CH2-1090R0575,,,,,,Private,,,1991,,,,0,,,,,,0,0,0,0,0,,,,,,0,0,0,0,0,GEN-ULAC
28011836,"2026-01-13 01:11:50","2026-01-13 01:11:50",A7CE7B,"United States","United States",N6018W,,,,,,Piper,P28A,"Piper PA-28 140 Cherokee",28-20018,,,,,,Private,,,1964,,,,0,,,,,,0,0,0,0,0,,,,,,0,0,0,0,0,GEN-P28A
28011146,"2026-01-13 01:02:33","2026-01-13 01:02:33",424479,"United Kingdom","United Kingdom",VQ-BBV,,,,,,Boeing,B738,"Boeing 737NG 86N/W",36817,,,,,,SmartAvia,,,2009,,,,0,,,,,,0,0,0,0,0,,,,,,0,0,0,0,0,AUL
28010824,"2026-01-13 00:58:29","2026-01-13 00:58:29",3D3F5E,Germany,Germany,D-EWGC,,,,,,"Commander Aircraft",AC11,"Commander Aircraft Commander 114 TC",20032,,,,,,Private,,,2000,,,,0,,,,,,0,0,0,0,0,,,,,,0,0,0,0,0,GEN-AC11
28010555,"2026-01-13 00:54:52","2026-01-13 00:54:52",3D2305,Germany,Germany,D-ELMZ,,,,,,Piper,P28A,"Piper PA-28 180 Cherokee D",28-5156,,,,,,Private,,,,,,,0,,,,,,0,0,0,0,0,,,,,,0,0,0,0,0,GEN-P28A
28009304,"2026-01-13 00:37:50","2026-01-13 00:37:50",A52ECE,"United States","United States",N433FP,,,,,,"Aero Designs",SL1,"Aero Designs SL-1 Star-Lite",137,,,,,,Private,,,,,,,0,,,,,,0,0,0,0,0,,,,,,0,0,0,0,0,GEN-SL1
28009074,"2026-01-13 00:34:23","2026-01-13 00:34:23",C01B9E,Canada,Canada,C-FKLX,,,,,,"Zénith",CH70,"Zénith Zenair STOL CH 701",7-1468,,,,,,Private,,,,,,,0,,,,,,0,0,0,0,0,,,,,,0,0,0,0,0,GEN-CH70
28008839,"2026-01-13 00:30:48","2026-01-13 00:30:48",A0D971,"United States","United States",N154EB,,,,,,Cessna,C421,"Cessna 421B Golden Eagle",421B0645,,,,,,Private,,,1974,,,,0,,,,,,0,0,0,0,0,,,,,,0,0,0,0,0,GEN-C421
28008712,"2026-01-13 00:29:07","2026-01-13 00:29:07",A103F2,"United States","United States",N16472,,,,,,Piper,P28A,"Piper PA-28 140 Cherokee F",28-7325280,,,,,,Private,,,1973,,,,0,,,,,,0,0,0,0,0,,,,,,0,0,0,0,0,GEN-P28A
28008105,"2026-01-13 00:20:49","2026-01-13 00:20:49",AD0349,"United States","United States",N9379M,,,,,,Mooney,M20P,"Mooney M.20F Executive 21",670003,,,,,,Private,,,,,,,0,,,,,,0,0,0,0,0,,,,,,0,0,0,0,0,GEN-M20P
28007499,"2026-01-13 00:12:00","2026-01-13 00:12:00",A091D9,"United States","United States",N136DU,,,,,,Eurocopter,EC35,"Eurocopter EC135 T2+",0578,,,,,,Private,,,2007,,,,0,,,,,,0,0,0,0,0,,,,,,0,0,0,0,0,GEN-EC35
28007456,"2026-01-13 00:11:27","2026-01-13 00:11:27",4BE839,Turkey,Turkey,TC-ZAY,,,,,,Pzl-Mielec,M18,"Pzl-Mielec Dromader M-18B",1Z026-12,,,,,,Private,,,,,,,0,,,,,,0,0,0,0,0,,,,,,0,0,0,0,0,GEN-M18
28007009,"2026-01-13 00:05:06","2026-01-13 00:05:06",300007,Italy,Italy,I-DACT,,,,,,"McDonnell Douglas",MD82,"McDonnell Douglas DC-9 82",53054,,,,,,"ITA Airways",,,1991,,,,0,,,,,,0,0,0,0,0,,,,,,0,0,0,0,0,ITY
